{"cameraMode":{"drawMode":0,"name":"Shaded","section":"Shading Mode"},"sceneLighting":false,"audioPlay":false,"sceneViewState":{"m_AlwaysRefresh":false,"showFog":true,"showSkybox":false,"showFlares":true,"showImageEffects":true,"showParticleSystems":true,"showVisualEffectGraphs":true,"m_FxEnabled":true},"in2DMode":false,"pivot":{"x":0.2545050382614136,"y":1.5131397247314454,"z":0.7460047602653503},"rotation":{"x":0.02419058233499527,"y":0.9747984409332275,"z":-0.1327105313539505,"w":0.17768670618534089},"size":4.312298774719238,"orthographic":false}